{
    "settings": {
        "options": {
            "show_on_front": "posts",
            "posts_per_page": "12",
            "featured-content": false
        },
        "theme_mods": {
            "0": false,
            "nav_menu_locations": {
                "primary": "primary",
                "social": "social-media"
            },
            "custom_css_post_id": -1
        },
        "headstart": {
            "mapped_id_options": [],
            "mapped_id_theme_mods": [],
            "keep_submenu_items": true
        }
    },
    "content": [
        {
            "post_title": "About",
            "post_content": "This is an example of an about page. Unlike posts, pages are better suited for more timeless content that you want to be easily accessible, like your About or Contact information. Click the Edit link to make changes to this page or <a href=\"https:\/\/wordpress.com\/page\">add another page<\/a>.",
            "post_status": "publish",
            "menu_order": 2,
            "comment_status": "closed",
            "ping_status": "closed",
            "post_type": "page",
            "hs_custom_meta": "_hs_about_page",
            "hs_sharing": 1,
            "hs_like_status": 1,
            "attachment_url": "https:\/\/headstartdata.files.wordpress.com\/2016\/06\/stairs-lights-abstract-bubbles1.jpg",
            "hs_old_id": 100
        },
        {
            "post_title": "Contact",
            "post_content": "This is a contact page with some basic contact information and a contact form. [contact-form][contact-field label=\"Name\" type=\"name\" required=\"1\"\/][contact-field label=\"Email\" type=\"email\" required=\"1\"\/][contact-field label=\"Website\" type=\"url\"\/][contact-field label=\"Comment\" type=\"textarea\" required=\"1\"\/][\/contact-form]",
            "post_status": "publish",
            "menu_order": 3,
            "comment_status": "closed",
            "ping_status": "closed",
            "post_type": "page",
            "hs_custom_meta": "_hs_contact_page",
            "hs_sharing": 1,
            "hs_like_status": 1,
            "attachment_url": "https:\/\/headstartdata.files.wordpress.com\/2016\/06\/person-smartphone-office-table.jpeg",
            "hs_old_id": 101
        },
        {
            "post_title": "First blog post",
            "post_content": "This is your very first post. Click the Edit link to modify or delete it, or <a href=\"https:\/\/wordpress.com\/post\">start a new post<\/a>. If you like, use this post to tell readers why you started this blog and what you plan to do with it.",
            "post_excerpt": "This is the excerpt for your very first post.",
            "post_status": "publish",
            "comment_status": "open",
            "ping_status": "open",
            "post_type": "post",
            "hs_custom_meta": "_hs_first_post",
            "hs_sharing": 1,
            "hs_like_status": 1,
            "attachment_url": "https:\/\/headstartdata.files.wordpress.com\/2016\/06\/pexels-photo-30732.jpg",
            "hs_old_id": 102
        }
    ],
    "menus": {
        "social-media": {
            "name": "Social Media",
            "items": [
                {
                    "menu-item-title": "Facebook",
                    "menu-item-db-id": 175,
                    "menu-item-object-id": "175",
                    "menu-item-object": "custom",
                    "menu-item-type": "custom",
                    "menu-item-status": "publish",
                    "menu-item-position": 0,
                    "menu-item-parent-id": "0",
                    "menu-item-description": "",
                    "menu-item-url": "http:\/\/www.facebook.com"
                },
                {
                    "menu-item-title": "LinkedIn",
                    "menu-item-db-id": 176,
                    "menu-item-object-id": "176",
                    "menu-item-object": "custom",
                    "menu-item-type": "custom",
                    "menu-item-status": "publish",
                    "menu-item-position": 1,
                    "menu-item-parent-id": "0",
                    "menu-item-description": "",
                    "menu-item-url": "http:\/\/www.linkedin.com"
                },
                {
                    "menu-item-title": "Twitter",
                    "menu-item-db-id": 177,
                    "menu-item-object-id": "177",
                    "menu-item-object": "custom",
                    "menu-item-type": "custom",
                    "menu-item-status": "publish",
                    "menu-item-position": 2,
                    "menu-item-parent-id": "0",
                    "menu-item-description": "",
                    "menu-item-url": "http:\/\/www.twitter.com"
                },
                {
                    "menu-item-title": "Instagram",
                    "menu-item-db-id": 178,
                    "menu-item-object-id": "178",
                    "menu-item-object": "custom",
                    "menu-item-type": "custom",
                    "menu-item-status": "publish",
                    "menu-item-position": 3,
                    "menu-item-parent-id": "0",
                    "menu-item-description": "",
                    "menu-item-url": "http:\/\/www.instagram.com"
                }
            ]
        }
    }
}